-7.246739236560739528e+01,-3.529576345273481479e+02,0.000000000000000000e+00,0.000000000000000000e+00
-3.096600256141803698e+02,2.426082577119607322e+02,0.000000000000000000e+00,0.000000000000000000e+00
-1.449729822922883784e+02,-8.834431338141723700e+01,0.000000000000000000e+00,0.000000000000000000e+00
-2.205083539579314618e+02,1.113618829632430476e+02,0.000000000000000000e+00,0.000000000000000000e+00
9.008177865827020980e+01,-2.408241044978220202e+02,0.000000000000000000e+00,0.000000000000000000e+00
1.321510933461615878e+02,2.623148622725480550e+02,0.000000000000000000e+00,0.000000000000000000e+00
2.930938664868316437e+02,-1.015080240238644791e+02,0.000000000000000000e+00,0.000000000000000000e+00
-3.608876644660234660e+02,3.116883349156277632e+02,0.000000000000000000e+00,0.000000000000000000e+00
1.212110401814469327e+02,-1.739103659097081049e+02,0.000000000000000000e+00,0.000000000000000000e+00
1.382614557889637297e+02,1.441826769221772224e+02,0.000000000000000000e+00,0.000000000000000000e+00
3.359854807663116389e+02,3.277367422194226378e+02,0.000000000000000000e+00,0.000000000000000000e+00
1.691549466800638299e+02,-1.276377734964421791e+02,0.000000000000000000e+00,0.000000000000000000e+00
3.528466778710388780e+02,-2.938222056574852559e+02,0.000000000000000000e+00,0.000000000000000000e+00
2.977387287013818877e+02,-2.673145918503317375e+02,0.000000000000000000e+00,0.000000000000000000e+00
1.058527409175090952e+02,3.073533624280449885e+02,0.000000000000000000e+00,0.000000000000000000e+00
3.991868313995869357e+02,-3.228106024039743716e+02,0.000000000000000000e+00,0.000000000000000000e+00
2.573266178696198381e+02,-1.734443027218669329e+02,0.000000000000000000e+00,0.000000000000000000e+00
1.030408209687685428e+01,-1.383692511629047601e+02,0.000000000000000000e+00,0.000000000000000000e+00
1.685353085469540702e+01,-3.842252479305674342e+02,0.000000000000000000e+00,0.000000000000000000e+00
-3.833322147002621705e+02,1.498790833013163422e+02,0.000000000000000000e+00,0.000000000000000000e+00
2.057238193622193307e+02,-1.507395883044460163e+02,0.000000000000000000e+00,0.000000000000000000e+00
-1.275575276670660116e+02,-1.803077443242240179e+02,0.000000000000000000e+00,0.000000000000000000e+00
-1.735428651982555834e+02,2.307219997546197021e+02,0.000000000000000000e+00,0.000000000000000000e+00
-6.555137273310558044e+01,-2.380001412981753788e+02,0.000000000000000000e+00,0.000000000000000000e+00
5.069427426724008967e+01,1.695376748133413969e+02,0.000000000000000000e+00,0.000000000000000000e+00
-6.365925040384365730e+01,-3.363162680259403601e+02,0.000000000000000000e+00,0.000000000000000000e+00
-2.978481079040405461e+02,-4.545550727994513807e+01,0.000000000000000000e+00,0.000000000000000000e+00
1.865735137822089200e+02,3.170006515049594213e+02,0.000000000000000000e+00,0.000000000000000000e+00
-2.939454747183013410e+02,3.224930591748782263e+02,0.000000000000000000e+00,0.000000000000000000e+00
3.591719835971589418e+02,-1.041036740133468328e+02,0.000000000000000000e+00,0.000000000000000000e+00
1.972120539445818110e+02,-2.408828208536981208e+02,0.000000000000000000e+00,0.000000000000000000e+00
-6.678068903762226682e+01,3.791220039197180540e+02,0.000000000000000000e+00,0.000000000000000000e+00
3.317259204521454308e+02,-1.337594653546057089e+02,0.000000000000000000e+00,0.000000000000000000e+00
-1.988057146985771624e+02,2.473055588407643484e+02,0.000000000000000000e+00,0.000000000000000000e+00
-2.743408458272461417e+02,-2.206216099560247699e+02,0.000000000000000000e+00,0.000000000000000000e+00
-2.984712958304075414e+02,1.987157948596466213e+02,0.000000000000000000e+00,0.000000000000000000e+00
-8.247772554450487803e+01,2.957947895912824947e+02,0.000000000000000000e+00,0.000000000000000000e+00
-2.632093243495506840e+02,-1.729546105023376583e+02,0.000000000000000000e+00,0.000000000000000000e+00
3.507690841793322534e+02,-3.459635605683080257e+02,0.000000000000000000e+00,0.000000000000000000e+00
4.639831187674809598e+01,-2.893176930127924038e+02,0.000000000000000000e+00,0.000000000000000000e+00
-6.765939657798654139e+01,1.259453044243982447e+02,0.000000000000000000e+00,0.000000000000000000e+00
-2.968184405208513112e+02,3.991509245708128333e+02,0.000000000000000000e+00,0.000000000000000000e+00
-7.046317971886506371e+01,1.738474743856592966e+02,0.000000000000000000e+00,0.000000000000000000e+00
-1.543273174552508635e+02,-2.978932897607489849e+02,0.000000000000000000e+00,0.000000000000000000e+00
4.161105091554864543e+01,-7.999440749855293120e+01,0.000000000000000000e+00,0.000000000000000000e+00
2.332164698498543203e+02,9.198523789379424898e+01,0.000000000000000000e+00,0.000000000000000000e+00
3.465532432547669828e+02,3.324474714228762195e+02,0.000000000000000000e+00,0.000000000000000000e+00
-3.065252379693592388e+02,-3.475050358438074909e+02,0.000000000000000000e+00,0.000000000000000000e+00
-1.949114125491551164e+01,-2.465593927671611993e+02,0.000000000000000000e+00,0.000000000000000000e+00
-3.552545869754134173e+02,-1.297285417796683475e+02,0.000000000000000000e+00,0.000000000000000000e+00
-2.840227024064478911e+01,-8.843993511491615322e+01,0.000000000000000000e+00,0.000000000000000000e+00
3.509411580662946335e+02,1.783784173362699121e+01,0.000000000000000000e+00,0.000000000000000000e+00
-2.712062554974979207e+02,-1.280554501878199005e+02,0.000000000000000000e+00,0.000000000000000000e+00
3.982261259152929824e+02,-3.173548440717191284e+02,0.000000000000000000e+00,0.000000000000000000e+00
-6.774717069976925643e+01,3.597928331456905653e+02,0.000000000000000000e+00,0.000000000000000000e+00
-1.166173892896965754e+02,3.493556344035916936e+02,0.000000000000000000e+00,0.000000000000000000e+00
9.860495572052929703e+00,1.464756912155038435e+02,0.000000000000000000e+00,0.000000000000000000e+00
3.363446032907102534e+00,-2.676069394867436131e+02,0.000000000000000000e+00,0.000000000000000000e+00
2.505831943244483568e+02,3.411306287139279902e+02,0.000000000000000000e+00,0.000000000000000000e+00
1.925834708668839994e+02,-2.403282248733512745e+02,0.000000000000000000e+00,0.000000000000000000e+00
2.160776973237235836e+02,-1.846267376464533356e+02,0.000000000000000000e+00,0.000000000000000000e+00
3.603481889946324657e+01,-7.121449075504098403e+01,0.000000000000000000e+00,0.000000000000000000e+00
2.391307040938892499e+02,-1.023009999657896998e+02,0.000000000000000000e+00,0.000000000000000000e+00
2.167506112803733913e+02,-3.860521526415725475e+02,0.000000000000000000e+00,0.000000000000000000e+00
1.956643595178202304e+02,-3.665494416475902995e+02,0.000000000000000000e+00,0.000000000000000000e+00
1.966910544897918669e+02,-1.504153545328737778e+02,0.000000000000000000e+00,0.000000000000000000e+00
-3.816882528552543477e+02,3.640357222970149564e+01,0.000000000000000000e+00,0.000000000000000000e+00
2.710699777299103062e+02,3.630062233059919095e+02,0.000000000000000000e+00,0.000000000000000000e+00
3.029508452933778813e+02,-2.402154840403039202e+02,0.000000000000000000e+00,0.000000000000000000e+00
8.380202083087068843e+01,3.472850313414328980e+02,0.000000000000000000e+00,0.000000000000000000e+00
-3.680294447694798805e+02,-3.992167527839657168e+02,0.000000000000000000e+00,0.000000000000000000e+00
-3.252567501198466715e+00,-2.341215113883148291e+01,0.000000000000000000e+00,0.000000000000000000e+00
3.070877730086842661e+01,-9.987968432258699636e+01,0.000000000000000000e+00,0.000000000000000000e+00
1.091275687958814800e+01,-3.921144815692767338e+02,0.000000000000000000e+00,0.000000000000000000e+00
-3.362404935806702042e+02,1.810819958164898082e+02,0.000000000000000000e+00,0.000000000000000000e+00
-3.944107201195673724e+02,1.198553124559698091e+00,0.000000000000000000e+00,0.000000000000000000e+00
-3.987515341296556244e+02,-8.778839264521822372e+01,0.000000000000000000e+00,0.000000000000000000e+00
1.692543639631294283e+00,2.903971085663088729e+02,0.000000000000000000e+00,0.000000000000000000e+00
1.647894208968366456e+02,3.979258367156996314e+02,0.000000000000000000e+00,0.000000000000000000e+00
-3.900976879797352126e+02,-2.214935574121701336e+02,0.000000000000000000e+00,0.000000000000000000e+00
6.700208207206235045e+01,-3.478948915313293355e+01,0.000000000000000000e+00,0.000000000000000000e+00
-2.995673841906461234e+02,3.184942815059144436e+02,0.000000000000000000e+00,0.000000000000000000e+00
5.746854454844840632e+01,1.167378405162032209e+02,0.000000000000000000e+00,0.000000000000000000e+00
-3.315753347208652713e+02,1.101671000389530661e+02,0.000000000000000000e+00,0.000000000000000000e+00
3.761691341758790941e+02,4.096622711563906449e+01,0.000000000000000000e+00,0.000000000000000000e+00
2.746992349320971698e+02,-1.765191877141417933e+02,0.000000000000000000e+00,0.000000000000000000e+00
1.091826890660356781e+02,-2.976148085862776043e+02,0.000000000000000000e+00,0.000000000000000000e+00
1.890591349837158930e+02,1.712366302756346386e+02,0.000000000000000000e+00,0.000000000000000000e+00
3.636635121518295364e+02,-3.751107782600232099e+02,0.000000000000000000e+00,0.000000000000000000e+00
1.625210431779891849e+02,-9.337398090504640891e+01,0.000000000000000000e+00,0.000000000000000000e+00
-1.812035799967041214e+02,-2.212433544989291789e+01,0.000000000000000000e+00,0.000000000000000000e+00
-1.381947439170387781e+02,-2.585332030190899104e+02,0.000000000000000000e+00,0.000000000000000000e+00
-8.377381338923806098e+00,-1.514017791237245376e+02,0.000000000000000000e+00,0.000000000000000000e+00
2.774278855833512694e+02,6.583007452806852200e+01,0.000000000000000000e+00,0.000000000000000000e+00
-3.069023124531627786e+02,3.879641967280855965e+02,0.000000000000000000e+00,0.000000000000000000e+00
-2.759538404959017726e+02,-8.740811699047101513e+01,0.000000000000000000e+00,0.000000000000000000e+00
1.210901458781445541e+02,-3.191448083676956458e+02,0.000000000000000000e+00,0.000000000000000000e+00
4.410402902102705980e+01,-2.486846679315929691e+02,0.000000000000000000e+00,0.000000000000000000e+00
1.738392503706970444e+02,-5.406886159596066932e+01,0.000000000000000000e+00,0.000000000000000000e+00
-2.787213549165953737e+02,-2.621683743516821323e+02,0.000000000000000000e+00,0.000000000000000000e+00
-2.273834797315986123e+02,1.643884283134681823e+02,0.000000000000000000e+00,1.000000000000000000e+00
4.318968400580330069e+01,-3.310972178094151559e+02,0.000000000000000000e+00,1.000000000000000000e+00
3.785482572170938056e+02,-3.980292227994790721e+01,0.000000000000000000e+00,1.000000000000000000e+00
-4.201196020684258770e+01,2.864473445277624251e+02,0.000000000000000000e+00,1.000000000000000000e+00
2.441771015426241576e+01,-2.727127648934514923e+02,0.000000000000000000e+00,1.000000000000000000e+00
-2.548015265790049568e+02,2.481937793162190076e+02,0.000000000000000000e+00,1.000000000000000000e+00
-3.183916026147448974e+02,-3.116240566395402993e+02,0.000000000000000000e+00,1.000000000000000000e+00
-1.602588896960360501e+02,-2.394661045502610364e+02,0.000000000000000000e+00,1.000000000000000000e+00
1.769921007526279766e+02,-2.870515026356648605e+02,0.000000000000000000e+00,1.000000000000000000e+00
4.153783647013309377e+00,-3.532414714476519180e+02,0.000000000000000000e+00,1.000000000000000000e+00
-1.986149713711895117e+02,-1.404807689974827838e+02,0.000000000000000000e+00,1.000000000000000000e+00
1.162186372353921655e+02,-7.609670482054573881e+01,0.000000000000000000e+00,1.000000000000000000e+00
3.388710087746796944e+02,2.662370679163785780e+02,0.000000000000000000e+00,1.000000000000000000e+00
2.676335124478737271e+02,1.943517147983627069e+02,0.000000000000000000e+00,1.000000000000000000e+00
-2.039637008190404543e+01,-8.757057167257600838e+01,0.000000000000000000e+00,1.000000000000000000e+00
4.991102198861927519e+01,3.392258519053657437e+02,0.000000000000000000e+00,1.000000000000000000e+00
-3.412706472840412175e+01,-3.818551988935038821e+02,0.000000000000000000e+00,1.000000000000000000e+00
2.140844801565779392e+02,2.999569439272182763e+02,0.000000000000000000e+00,1.000000000000000000e+00
2.530217576699806159e+02,-2.867162342652601410e+02,0.000000000000000000e+00,1.000000000000000000e+00
2.102725028585612392e+02,-1.056682603719370803e+02,0.000000000000000000e+00,1.000000000000000000e+00
-9.261582719634429850e+01,-2.827887087595575508e+02,0.000000000000000000e+00,1.000000000000000000e+00
8.429504532533913164e+01,3.632874801061274184e+02,0.000000000000000000e+00,1.000000000000000000e+00
3.658376789282888240e+02,2.322579218175611118e+02,0.000000000000000000e+00,1.000000000000000000e+00
1.203160585859794054e+02,-9.362868756315947394e+01,0.000000000000000000e+00,1.000000000000000000e+00
3.145549559861158286e+02,-3.162603399545833582e+01,0.000000000000000000e+00,1.000000000000000000e+00
3.385749102089239386e+02,1.310548507412833033e+02,0.000000000000000000e+00,1.000000000000000000e+00
3.749462119006192893e+02,-3.536227047823072098e+02,0.000000000000000000e+00,1.000000000000000000e+00
-3.616514054458862688e+02,3.183013147678228734e+02,0.000000000000000000e+00,1.000000000000000000e+00
-1.559085930140136078e+01,3.177778010586944646e+01,0.000000000000000000e+00,1.000000000000000000e+00
2.566571156246355940e+02,-1.402098820368014032e+00,0.000000000000000000e+00,1.000000000000000000e+00
-4.363082963516369261e+01,-3.872704534148344351e+02,0.000000000000000000e+00,1.000000000000000000e+00
3.550369965302115816e+02,3.424839435270124568e+02,0.000000000000000000e+00,1.000000000000000000e+00
-2.960130604976409359e+02,-1.712079179272775775e+02,0.000000000000000000e+00,1.000000000000000000e+00
2.991457971080424727e+02,2.135910694326638861e+02,0.000000000000000000e+00,1.000000000000000000e+00
-3.618820546378008203e+02,1.307088983423158197e+02,0.000000000000000000e+00,1.000000000000000000e+00
3.558713548328306615e+02,-2.839110999737270618e+02,0.000000000000000000e+00,1.000000000000000000e+00
-1.735409961528880274e+02,-1.150340604395201325e+02,0.000000000000000000e+00,1.000000000000000000e+00
4.030577455138502074e+01,-1.205950397581871130e+02,0.000000000000000000e+00,1.000000000000000000e+00
5.115911198543994232e+01,-1.813916607287520719e+02,0.000000000000000000e+00,1.000000000000000000e+00
1.273262596437656526e+02,9.575098242948998006e+01,0.000000000000000000e+00,1.000000000000000000e+00
2.415324238908085306e+02,4.919878485227098253e+01,0.000000000000000000e+00,1.000000000000000000e+00
3.183967906990524170e+02,-2.047157099850642794e+02,0.000000000000000000e+00,1.000000000000000000e+00
-3.443352964170687187e+02,3.610068308822768586e+02,0.000000000000000000e+00,1.000000000000000000e+00
-1.702434308337389268e+02,-3.215155244310705029e+02,0.000000000000000000e+00,1.000000000000000000e+00
-7.074560147440736557e+01,-1.903769351411643242e+02,0.000000000000000000e+00,1.000000000000000000e+00
2.516660478059794173e+02,-2.119583852364238226e+02,0.000000000000000000e+00,1.000000000000000000e+00
3.959205048047476083e+00,-1.413651614957656477e+02,0.000000000000000000e+00,1.000000000000000000e+00
-7.287860984454343338e+01,2.766371118764926109e+02,0.000000000000000000e+00,1.000000000000000000e+00
3.177799004671741159e+02,2.028838283388384127e+02,0.000000000000000000e+00,1.000000000000000000e+00
1.281187510605552120e+02,3.076267760300377176e+02,0.000000000000000000e+00,1.000000000000000000e+00
2.158707068574245511e+02,-1.684452957269532476e+02,0.000000000000000000e+00,1.000000000000000000e+00
2.841900369857509645e+02,-1.717160741250917795e+02,0.000000000000000000e+00,1.000000000000000000e+00
3.904252615970231091e+02,-2.305337883665403709e+01,0.000000000000000000e+00,1.000000000000000000e+00
-3.500122031840119234e+02,-3.559625646126547593e+01,0.000000000000000000e+00,1.000000000000000000e+00
4.365079723119360722e+01,2.102893055621406120e+02,0.000000000000000000e+00,1.000000000000000000e+00
3.487472558399599620e+02,-1.379410518369355430e+02,0.000000000000000000e+00,1.000000000000000000e+00
-5.634401485668374221e+01,-2.409143240232079961e+02,0.000000000000000000e+00,1.000000000000000000e+00
-3.315881188617426005e+02,-5.167846159512912152e+01,0.000000000000000000e+00,1.000000000000000000e+00
5.586021803734109170e+01,2.663457059855166449e+02,0.000000000000000000e+00,1.000000000000000000e+00
-2.716304978627992455e+02,6.598790720919338071e+01,0.000000000000000000e+00,1.000000000000000000e+00
2.891809410167688839e+02,-3.307391360773386282e+02,0.000000000000000000e+00,1.000000000000000000e+00
-1.932294367956857570e+02,-2.749165275171155258e+02,0.000000000000000000e+00,1.000000000000000000e+00
1.626903468751568766e+02,-2.280368686831015737e+02,0.000000000000000000e+00,1.000000000000000000e+00
2.524330956463771258e+02,4.879552029653235934e+01,0.000000000000000000e+00,1.000000000000000000e+00
-2.403460824432409311e+02,-2.044431915390290442e+02,0.000000000000000000e+00,1.000000000000000000e+00
3.793233366520664731e+02,-1.549113847253652239e+02,0.000000000000000000e+00,1.000000000000000000e+00
2.821367746972550776e+02,2.274194400653989590e+02,0.000000000000000000e+00,1.000000000000000000e+00
1.220383081909647984e+02,-1.470550583411143180e+02,0.000000000000000000e+00,1.000000000000000000e+00
-3.507965473225517030e+02,3.440461843630137082e+02,0.000000000000000000e+00,1.000000000000000000e+00
2.426702910488348834e+02,-1.777990518344122677e+02,0.000000000000000000e+00,1.000000000000000000e+00
2.243720380565893038e+02,-1.133642378204217351e+02,0.000000000000000000e+00,1.000000000000000000e+00
-2.346135251306419036e+02,6.741760257566546954e+01,0.000000000000000000e+00,1.000000000000000000e+00
-3.831364076821577100e+02,-2.665279037781523925e+02,0.000000000000000000e+00,1.000000000000000000e+00
1.895282349805591480e+02,-8.246319323015089253e+01,0.000000000000000000e+00,1.000000000000000000e+00
2.312055479924066503e+01,7.487083807864065932e+01,0.000000000000000000e+00,1.000000000000000000e+00
-3.456194868984650839e+02,2.486578189870756717e+02,0.000000000000000000e+00,1.000000000000000000e+00
-3.382025453210097794e+02,3.079743163448940280e+01,0.000000000000000000e+00,1.000000000000000000e+00
3.027704443202073321e+02,3.336445981362169846e+02,0.000000000000000000e+00,1.000000000000000000e+00
-3.877894759442837085e+02,-8.213011801447578364e+01,0.000000000000000000e+00,1.000000000000000000e+00
-5.581386855978718131e+01,-3.940818166036849561e+02,0.000000000000000000e+00,1.000000000000000000e+00
3.618133972098758022e+02,3.698864014546587100e+02,0.000000000000000000e+00,1.000000000000000000e+00
9.238403748516242331e+01,-3.508842563301541873e+02,0.000000000000000000e+00,1.000000000000000000e+00
-2.314903458801155125e+02,-4.380771387495072844e+01,0.000000000000000000e+00,1.000000000000000000e+00
-3.561261518067657903e+02,2.772254808094017449e+02,0.000000000000000000e+00,1.000000000000000000e+00
-1.216224502224657869e+02,1.816052906779313503e+02,0.000000000000000000e+00,1.000000000000000000e+00
-2.268348804678722388e+02,8.478467419219563794e+01,0.000000000000000000e+00,1.000000000000000000e+00
-3.951731397979636995e+02,3.557963913844881745e+02,0.000000000000000000e+00,1.000000000000000000e+00
-1.941124651010862010e+02,-6.846025177511437221e+01,0.000000000000000000e+00,1.000000000000000000e+00
2.987281182978896936e+02,-3.200089031757324847e+02,0.000000000000000000e+00,1.000000000000000000e+00
3.837699331978035389e+02,-3.003800103474542311e+02,0.000000000000000000e+00,1.000000000000000000e+00
-2.943901921442209186e+02,-1.935766251336736445e+02,0.000000000000000000e+00,1.000000000000000000e+00
3.100138762793163778e+02,-2.906031459989894188e+02,0.000000000000000000e+00,1.000000000000000000e+00
-3.615421935366372281e+02,-3.318738443658124879e+02,0.000000000000000000e+00,1.000000000000000000e+00
1.747043254914864576e+02,-6.363657776256146548e+01,0.000000000000000000e+00,1.000000000000000000e+00
2.203542015389008952e+02,7.808453280873060010e+01,0.000000000000000000e+00,1.000000000000000000e+00
-1.488371413627620541e+02,-1.021016141668586954e+02,0.000000000000000000e+00,1.000000000000000000e+00
-2.368387290696805962e+02,-1.283526575521866846e+02,0.000000000000000000e+00,1.000000000000000000e+00
3.597454662497949585e+02,3.670123431699108778e+02,0.000000000000000000e+00,1.000000000000000000e+00
1.159825946609362575e+02,3.098451538827558238e+02,0.000000000000000000e+00,1.000000000000000000e+00
-9.467499915184886561e+01,1.008153807199730636e+02,0.000000000000000000e+00,1.000000000000000000e+00
-3.586042922815841507e+02,-5.068667125707086996e+01,0.000000000000000000e+00,1.000000000000000000e+00
-3.341677042765977603e+02,3.183533753249188862e+02,0.000000000000000000e+00,1.000000000000000000e+00
-9.481737171556927990e+01,-1.394416387123157222e+02,0.000000000000000000e+00,1.000000000000000000e+00
8.439106934974182650e+01,5.147836570914910226e+01,0.000000000000000000e+00,1.000000000000000000e+00
2.897254272475968264e+02,1.956620407198285250e+02,0.000000000000000000e+00,1.000000000000000000e+00
-1.731344561200703538e+02,1.476403510541945820e+02,0.000000000000000000e+00,1.000000000000000000e+00
5.245839478004197076e+01,6.398248954500296293e+01,0.000000000000000000e+00,1.000000000000000000e+00
1.453134112631369135e+02,2.169970154474984554e+02,0.000000000000000000e+00,1.000000000000000000e+00
1.253195975872933445e+02,-2.468249987035302695e+01,0.000000000000000000e+00,1.000000000000000000e+00
1.419108151406879585e+02,-1.680683287151838385e+02,0.000000000000000000e+00,1.000000000000000000e+00
-2.309911244646855835e+02,-2.920407435206533364e+02,0.000000000000000000e+00,1.000000000000000000e+00
2.835787714177408816e+02,-3.904674509369386897e+02,0.000000000000000000e+00,1.000000000000000000e+00
6.945207693215679967e+01,3.295151120338206852e+01,0.000000000000000000e+00,1.000000000000000000e+00
-3.076814252145244950e+02,2.122526266690303203e+02,0.000000000000000000e+00,1.000000000000000000e+00
-3.508596529924832907e+02,5.878233501714542797e+01,0.000000000000000000e+00,1.000000000000000000e+00
1.750066730163210593e+02,9.816095503961560098e+01,0.000000000000000000e+00,1.000000000000000000e+00
-1.712741103792391471e+02,-2.710687093456076013e+02,0.000000000000000000e+00,1.000000000000000000e+00
-9.681820783621772364e+01,8.295844203738754175e+01,0.000000000000000000e+00,1.000000000000000000e+00
-3.485897964172871752e+02,5.922052324136060264e+01,0.000000000000000000e+00,1.000000000000000000e+00
1.861410369841616230e+01,-2.998036618933529098e+02,0.000000000000000000e+00,1.000000000000000000e+00
2.052202812531631082e+02,2.211936389109502841e+02,0.000000000000000000e+00,1.000000000000000000e+00
2.624837608657882697e+02,-1.819291191292933831e+02,0.000000000000000000e+00,1.000000000000000000e+00
-5.946774588458381317e+01,-1.402324366099661290e+02,0.000000000000000000e+00,1.000000000000000000e+00
2.554988549197589975e+02,2.789998145170387716e+02,0.000000000000000000e+00,1.000000000000000000e+00
5.089459398584516947e+01,3.443330296983180574e+02,0.000000000000000000e+00,1.000000000000000000e+00
3.056770077256092009e+02,-3.359555202883477705e+02,0.000000000000000000e+00,1.000000000000000000e+00
-2.488114557212295352e+00,-1.599027960375303223e+02,0.000000000000000000e+00,1.000000000000000000e+00
-2.391898837340324349e+02,-1.695265117008708557e+02,0.000000000000000000e+00,1.000000000000000000e+00
1.299492093629025362e+02,-2.460954333170022892e+02,0.000000000000000000e+00,1.000000000000000000e+00
3.825050914189326363e+02,1.847160677430196074e+02,0.000000000000000000e+00,1.000000000000000000e+00
-1.096312125231419685e+02,-2.163027484646868572e+02,0.000000000000000000e+00,1.000000000000000000e+00
-3.619411435438842091e+02,-2.358564696122088264e+02,0.000000000000000000e+00,1.000000000000000000e+00
-1.837779366207815883e+02,-3.219791346876492355e+01,0.000000000000000000e+00,1.000000000000000000e+00
-3.054418271531675373e+02,1.768828097083870716e+02,0.000000000000000000e+00,1.000000000000000000e+00
-3.716428424842903269e+02,-2.046062601834815382e+02,0.000000000000000000e+00,1.000000000000000000e+00
5.714922389591019680e+01,2.787564112507886875e+02,0.000000000000000000e+00,1.000000000000000000e+00
2.956404247768438722e+02,2.380224694443538453e+02,0.000000000000000000e+00,1.000000000000000000e+00
-2.170289851639886649e+02,-3.705500927432486264e+02,0.000000000000000000e+00,1.000000000000000000e+00
3.752791834176854024e+01,1.801993190388194819e+02,0.000000000000000000e+00,1.000000000000000000e+00
3.148533593428172139e+02,2.589439492265981926e+02,0.000000000000000000e+00,1.000000000000000000e+00
1.594432276881236135e+02,1.457945665944733094e+02,0.000000000000000000e+00,1.000000000000000000e+00
7.864195473584318563e+01,2.640560476825855289e+02,0.000000000000000000e+00,1.000000000000000000e+00
1.643405101371779864e+01,-2.152817545708337832e+02,0.000000000000000000e+00,1.000000000000000000e+00
-3.080184370179967459e+02,5.887614527682640642e+01,0.000000000000000000e+00,1.000000000000000000e+00
1.190654773439270286e-01,-2.548837785787868881e+02,0.000000000000000000e+00,1.000000000000000000e+00
-3.616651958371056708e+02,3.255930928425498223e+02,0.000000000000000000e+00,1.000000000000000000e+00
1.586353822012718240e+02,-2.439102173729378933e+02,0.000000000000000000e+00,1.000000000000000000e+00
1.458303313577727636e+02,3.645163234316770513e+02,0.000000000000000000e+00,1.000000000000000000e+00
-2.275281923705981058e+02,3.070347563783872147e+02,0.000000000000000000e+00,1.000000000000000000e+00
1.365358861170752220e+02,-3.054052575437342654e+01,0.000000000000000000e+00,1.000000000000000000e+00
-1.607910304519395766e+02,6.520433551577684739e+01,0.000000000000000000e+00,1.000000000000000000e+00
-1.806785303232490776e+02,-2.510268992045879202e+02,0.000000000000000000e+00,1.000000000000000000e+00
2.856064037179476713e+02,1.151357019244781696e+02,0.000000000000000000e+00,1.000000000000000000e+00
-3.199904130133149920e+02,-1.533833522060979817e+02,0.000000000000000000e+00,1.000000000000000000e+00
-2.862975830135054593e+02,3.128274699577211493e+01,0.000000000000000000e+00,1.000000000000000000e+00
3.889114447469157199e+02,-1.710079760509565006e+02,0.000000000000000000e+00,1.000000000000000000e+00
-2.142672504386842718e+02,2.914094605607279505e+02,0.000000000000000000e+00,1.000000000000000000e+00
-3.400333975337112946e+01,-3.834645778824818194e+02,0.000000000000000000e+00,1.000000000000000000e+00
-3.937340148523646235e+02,3.109658014821881267e+01,0.000000000000000000e+00,1.000000000000000000e+00
2.544979066068178142e+01,-2.939789146727413254e+02,0.000000000000000000e+00,1.000000000000000000e+00
-1.197659634562958502e+02,1.750762967980522262e+02,0.000000000000000000e+00,1.000000000000000000e+00
1.587082531709193631e+02,3.537489997155475976e+02,0.000000000000000000e+00,1.000000000000000000e+00
-1.029078330892482853e+02,4.875531316751526845e+01,0.000000000000000000e+00,1.000000000000000000e+00
3.735862578902691098e+02,2.576080031967460400e+02,0.000000000000000000e+00,1.000000000000000000e+00
-2.107911080354309661e+02,2.839013352512371569e+01,0.000000000000000000e+00,1.000000000000000000e+00
-1.721123794206073399e+02,2.138602818728064676e+02,0.000000000000000000e+00,1.000000000000000000e+00
1.414644048701647137e+02,3.647010741760853989e+02,0.000000000000000000e+00,1.000000000000000000e+00
3.805001331559355435e+02,3.579889237827260331e+02,0.000000000000000000e+00,1.000000000000000000e+00
3.066660211697290492e+02,3.387663005479212757e+02,0.000000000000000000e+00,1.000000000000000000e+00
2.931720282844195822e+02,2.635085660500317886e+02,0.000000000000000000e+00,1.000000000000000000e+00
-2.045389165394221891e+02,1.051367076988143339e+02,0.000000000000000000e+00,1.000000000000000000e+00
2.968123931535997144e+02,3.313469427459324379e+02,0.000000000000000000e+00,1.000000000000000000e+00
-1.650589520107996293e+02,1.869069080054029826e+02,0.000000000000000000e+00,1.000000000000000000e+00
-1.149919885887350262e+02,-2.840213823073746653e+02,0.000000000000000000e+00,1.000000000000000000e+00
-4.932012025034846658e+01,1.938166537628798380e+01,0.000000000000000000e+00,1.000000000000000000e+00
-2.259395515838923529e+02,3.564292007020198412e+02,0.000000000000000000e+00,1.000000000000000000e+00
1.865261249956224390e+02,1.691076594811313782e+01,0.000000000000000000e+00,1.000000000000000000e+00
-1.631900652943195951e+02,-2.239810906273689284e+01,0.000000000000000000e+00,1.000000000000000000e+00
2.901217961321681855e+02,-1.402358033811492817e+02,0.000000000000000000e+00,1.000000000000000000e+00
-2.324801116846274738e+02,-1.357051396255109523e+02,0.000000000000000000e+00,1.000000000000000000e+00
-1.319726390236997986e+02,3.101364877913324563e+02,0.000000000000000000e+00,1.000000000000000000e+00
-1.553508154891323727e+02,6.162377186761802506e+01,0.000000000000000000e+00,1.000000000000000000e+00
1.918331563429842959e+02,1.576117402679683721e+02,0.000000000000000000e+00,1.000000000000000000e+00
2.020787307570934388e+02,2.833630535211485721e+02,0.000000000000000000e+00,1.000000000000000000e+00
-6.411120610394820574e+01,1.181311474673330366e+02,0.000000000000000000e+00,1.000000000000000000e+00
3.606549234524688359e+02,-8.131570243571108847e+01,0.000000000000000000e+00,1.000000000000000000e+00
-1.826637904694919712e+02,3.991760347124212558e+02,0.000000000000000000e+00,1.000000000000000000e+00
3.229430759363208381e+02,-2.306878043212440446e+02,0.000000000000000000e+00,1.000000000000000000e+00
-3.202994196268201677e+02,-1.207419106612001229e+02,0.000000000000000000e+00,1.000000000000000000e+00
-3.331415820421029821e+02,-1.815222926300373274e+02,0.000000000000000000e+00,1.000000000000000000e+00
-9.380624049355917293e+01,-2.630767660241183989e+02,0.000000000000000000e+00,1.000000000000000000e+00
3.177167734111007462e+02,2.810646735873696400e+01,0.000000000000000000e+00,1.000000000000000000e+00
-2.881634702085860340e+02,3.670371442108840938e+02,0.000000000000000000e+00,1.000000000000000000e+00
-2.533514655877503117e+02,2.388298244315609224e+02,0.000000000000000000e+00,1.000000000000000000e+00
-1.730696101725532117e+02,-2.493845948559379053e+02,0.000000000000000000e+00,1.000000000000000000e+00
-5.542745291998496526e+01,-1.615889234482033885e+02,0.000000000000000000e+00,1.000000000000000000e+00
3.470910531406128143e+02,2.988038788704477042e+02,0.000000000000000000e+00,1.000000000000000000e+00
-2.396376756037817870e+02,1.057928872708954913e+02,0.000000000000000000e+00,1.000000000000000000e+00
-3.954194273837299534e+02,-3.046833912764631123e+02,0.000000000000000000e+00,1.000000000000000000e+00
8.084278071867525739e+01,-6.066974985999853232e+01,0.000000000000000000e+00,1.000000000000000000e+00
-1.470710141463386833e+02,-4.761206779757527841e+01,0.000000000000000000e+00,2.000000000000000000e+00
-4.565151857140779157e+01,-1.860920826813539577e+02,0.000000000000000000e+00,2.000000000000000000e+00
-2.381178340286571427e+01,-6.996626173144755967e+01,0.000000000000000000e+00,2.000000000000000000e+00
2.323241001283178520e+01,-2.446280573055863954e+02,0.000000000000000000e+00,2.000000000000000000e+00
-3.519873532056257659e+02,2.815474177776213196e+02,0.000000000000000000e+00,2.000000000000000000e+00
-2.155300449375183689e+02,-1.158829442978198472e+02,0.000000000000000000e+00,2.000000000000000000e+00
1.483296008042545395e+02,-3.104569968404306906e+02,0.000000000000000000e+00,2.000000000000000000e+00
2.241713863408126599e+02,-2.462842878182118795e+02,0.000000000000000000e+00,2.000000000000000000e+00
-2.975951188739051076e+02,-1.088252595853247016e+02,0.000000000000000000e+00,2.000000000000000000e+00
-3.183945250474516797e+02,-1.338067713978952042e+02,0.000000000000000000e+00,2.000000000000000000e+00
2.459764495214070621e+02,-1.706494045079369641e+02,0.000000000000000000e+00,2.000000000000000000e+00
3.880786534478162935e+02,1.296441093215057947e+02,0.000000000000000000e+00,2.000000000000000000e+00
1.800409635742618661e+02,2.992793178305958008e+02,0.000000000000000000e+00,2.000000000000000000e+00
-4.347568305520206167e+01,-3.847151763427665969e+02,0.000000000000000000e+00,2.000000000000000000e+00
-1.856787812553704100e+02,-1.152736406266824645e+02,0.000000000000000000e+00,2.000000000000000000e+00
-1.574810662160258516e+02,-3.629567441731798567e+02,0.000000000000000000e+00,2.000000000000000000e+00
1.400742304322615155e+02,-1.503128864267345364e+02,0.000000000000000000e+00,2.000000000000000000e+00
3.138901614266098363e+02,-2.713127642817374507e+01,0.000000000000000000e+00,2.000000000000000000e+00
3.407399619209770094e+02,1.210597880483808524e+02,0.000000000000000000e+00,2.000000000000000000e+00
-2.077304246201423439e+02,-1.041432006848243645e+02,0.000000000000000000e+00,2.000000000000000000e+00
-1.631031607864488535e+02,-1.846273339135011682e+01,0.000000000000000000e+00,2.000000000000000000e+00
-3.809922512021605030e+02,2.151020483747663548e+02,0.000000000000000000e+00,2.000000000000000000e+00
1.736218118223069595e+01,2.527897150725399911e+02,0.000000000000000000e+00,2.000000000000000000e+00
-8.860512238440546184e+01,3.461720498006895355e+02,0.000000000000000000e+00,2.000000000000000000e+00
-4.786309595955366802e+01,-2.314650111568966793e+02,0.000000000000000000e+00,2.000000000000000000e+00
1.328558950137500005e+02,1.181190037512102293e+02,0.000000000000000000e+00,2.000000000000000000e+00
-2.601539409538889913e+02,-2.027572327469279969e+02,0.000000000000000000e+00,2.000000000000000000e+00
-3.632154848328244157e+01,-1.179341482199919113e+02,0.000000000000000000e+00,2.000000000000000000e+00
-3.739087515261003887e+02,2.336526076737233950e+02,0.000000000000000000e+00,2.000000000000000000e+00
-9.434631754202902698e+01,-3.284161809898556044e+02,0.000000000000000000e+00,2.000000000000000000e+00
4.046134812802644376e+01,-2.274055924067019987e+02,0.000000000000000000e+00,2.000000000000000000e+00
-1.884646933848711399e+02,-1.836236050135824769e+02,0.000000000000000000e+00,2.000000000000000000e+00
3.201219646683437503e+01,-2.692391813601875015e+02,0.000000000000000000e+00,2.000000000000000000e+00
-1.894763530938519693e+02,2.719233385197078974e+02,0.000000000000000000e+00,2.000000000000000000e+00
-3.267867277190046593e+02,-1.814732491328263819e+01,0.000000000000000000e+00,2.000000000000000000e+00
-1.730991702483304380e+02,1.606288265572641762e+02,0.000000000000000000e+00,2.000000000000000000e+00
-3.291783661639278193e+02,3.986340720370527606e+02,0.000000000000000000e+00,2.000000000000000000e+00
-3.840716867128628564e+02,2.573438245907278201e+02,0.000000000000000000e+00,2.000000000000000000e+00
1.166326906612134024e+02,1.570623239326675673e+02,0.000000000000000000e+00,2.000000000000000000e+00
-1.746960923403912034e+02,6.317526297995361517e+01,0.000000000000000000e+00,2.000000000000000000e+00
-3.027364800958601450e+02,1.747735178124594313e+02,0.000000000000000000e+00,2.000000000000000000e+00
3.524410211405921132e+02,3.524392632120094504e+02,0.000000000000000000e+00,2.000000000000000000e+00
-2.216674227268424318e+02,-2.908033944553096717e+01,0.000000000000000000e+00,2.000000000000000000e+00
-3.971900553915581895e+02,-2.603312967517994281e+01,0.000000000000000000e+00,2.000000000000000000e+00
-2.624884979222458128e+02,2.894084973854273812e+02,0.000000000000000000e+00,2.000000000000000000e+00
2.995203612336797505e+02,1.487400155439299283e+02,0.000000000000000000e+00,2.000000000000000000e+00
-2.966284441474739992e+02,1.554262798115025532e+02,0.000000000000000000e+00,2.000000000000000000e+00
-1.205137284280398831e+02,-3.240367777127909790e+02,0.000000000000000000e+00,2.000000000000000000e+00
-3.385728747923645301e+02,-4.116429108131897863e+01,0.000000000000000000e+00,2.000000000000000000e+00
-1.954897713822197716e+02,2.249441186033462827e+02,0.000000000000000000e+00,2.000000000000000000e+00
-4.847700941744608372e+01,-2.309040623791800897e+02,0.000000000000000000e+00,2.000000000000000000e+00
1.536894867490968295e+02,-2.222442358770964006e+02,0.000000000000000000e+00,2.000000000000000000e+00
-1.225316916696438199e+02,3.691101014588991092e+01,0.000000000000000000e+00,2.000000000000000000e+00
1.326615143582792768e+02,3.346122561951981993e+02,0.000000000000000000e+00,2.000000000000000000e+00
-9.008454036989155256e+00,-3.423428551694867394e+01,0.000000000000000000e+00,2.000000000000000000e+00
1.284882097479479626e+02,-3.724417481635753120e+02,0.000000000000000000e+00,2.000000000000000000e+00
-4.532143259917229727e+01,2.771166219000904789e+02,0.000000000000000000e+00,2.000000000000000000e+00
4.147704159086913478e+01,-2.125001670117084132e+02,0.000000000000000000e+00,2.000000000000000000e+00
2.982680491128235190e+02,-2.643784762297623843e+02,0.000000000000000000e+00,2.000000000000000000e+00
2.676705599302848100e+02,-3.578802078585138702e+02,0.000000000000000000e+00,2.000000000000000000e+00
3.238457948210466384e+02,-1.207770625379843494e+02,0.000000000000000000e+00,2.000000000000000000e+00
3.076312644554819826e+02,1.837154730265171452e+02,0.000000000000000000e+00,2.000000000000000000e+00
2.417869408481301150e+02,5.483164284688521661e+01,0.000000000000000000e+00,2.000000000000000000e+00
-8.993113580993794187e+01,-3.366977314887842354e+00,0.000000000000000000e+00,2.000000000000000000e+00
1.681821181390921183e+01,1.027423780817985062e+02,0.000000000000000000e+00,2.000000000000000000e+00
-7.558014572414207066e+01,-3.510118532717735320e+02,0.000000000000000000e+00,2.000000000000000000e+00
-3.677221842972841728e+02,-2.332179317676792039e+02,0.000000000000000000e+00,2.000000000000000000e+00
3.737222949373688721e+02,1.265848533257488100e+02,0.000000000000000000e+00,2.000000000000000000e+00
-5.393907047075159511e+01,2.666886717888707494e+02,0.000000000000000000e+00,2.000000000000000000e+00
1.500411764761987570e+02,-9.418922129338373850e+01,0.000000000000000000e+00,2.000000000000000000e+00
2.147537647310096531e+02,9.475022716015439528e+01,0.000000000000000000e+00,2.000000000000000000e+00
9.431551573035146419e+01,-3.372295917765491140e+02,0.000000000000000000e+00,2.000000000000000000e+00
-3.389645246308697892e+02,3.954522097244716292e+02,0.000000000000000000e+00,2.000000000000000000e+00
-3.189845617947754022e+02,3.095456784210097112e+02,0.000000000000000000e+00,2.000000000000000000e+00
-1.136858795540519367e+02,1.956501952804985933e+02,0.000000000000000000e+00,2.000000000000000000e+00
2.818161959195842883e+02,-3.361101523979498893e+02,0.000000000000000000e+00,2.000000000000000000e+00
3.655587996625981191e+02,-7.967073066864615782e+01,0.000000000000000000e+00,2.000000000000000000e+00
2.419029144719916928e+02,-2.628984191924830043e+02,0.000000000000000000e+00,2.000000000000000000e+00
-1.315881373517010218e+02,3.931601144347187073e+02,0.000000000000000000e+00,2.000000000000000000e+00
1.378715902836071905e+02,2.845154311351055298e+02,0.000000000000000000e+00,2.000000000000000000e+00
-2.267660596203890861e+02,-3.869744484904417163e+02,0.000000000000000000e+00,2.000000000000000000e+00
-3.576601289211560015e+02,2.501004875892420642e+01,0.000000000000000000e+00,2.000000000000000000e+00
1.697589150806142015e+02,7.752087354322796386e+01,0.000000000000000000e+00,2.000000000000000000e+00
2.785739888263870512e+02,3.436683804643906797e+02,0.000000000000000000e+00,2.000000000000000000e+00
-3.869046799976803186e+02,3.949103141907612553e+02,0.000000000000000000e+00,2.000000000000000000e+00
9.437071493907281194e+01,-2.349499723742271726e+02,0.000000000000000000e+00,2.000000000000000000e+00
1.565196343940583290e+02,2.254040046031446138e+02,0.000000000000000000e+00,2.000000000000000000e+00
-3.156858813733780380e+02,-1.349127355791657124e+02,0.000000000000000000e+00,2.000000000000000000e+00
-1.925390768555771501e+02,-2.791338704337779291e+02,0.000000000000000000e+00,2.000000000000000000e+00
1.034329955581021920e+02,2.089318341958751546e+02,0.000000000000000000e+00,2.000000000000000000e+00
-3.902070141326030921e+02,-2.714459162441315954e+01,0.000000000000000000e+00,2.000000000000000000e+00
-8.408541267969712862e+01,-4.307928672913558898e+01,0.000000000000000000e+00,2.000000000000000000e+00
-8.002986681033475236e+01,1.985759775965569816e+02,0.000000000000000000e+00,2.000000000000000000e+00
-3.776352028824501161e+01,-3.928078874471657400e+02,0.000000000000000000e+00,2.000000000000000000e+00
-2.616091236658619437e+02,3.945992137992553239e+02,0.000000000000000000e+00,2.000000000000000000e+00
-1.878774776399773714e+02,3.530456410470921469e+02,0.000000000000000000e+00,2.000000000000000000e+00
7.294407682740722976e+01,2.003242034011355202e+02,0.000000000000000000e+00,2.000000000000000000e+00
-2.702983490606274586e+02,-1.370701942770959931e+02,0.000000000000000000e+00,2.000000000000000000e+00
-2.378236516885121716e+02,1.243986604427335294e+02,0.000000000000000000e+00,2.000000000000000000e+00
-9.897068654240879937e+01,2.547733839451340998e+02,0.000000000000000000e+00,2.000000000000000000e+00
3.470074157331724223e+02,-3.824358676613813941e+02,0.000000000000000000e+00,3.000000000000000000e+00
-1.554844231677833477e+02,4.457779950308102457e+01,0.000000000000000000e+00,3.000000000000000000e+00
2.906380861241394200e+02,-1.011520581583211396e+02,0.000000000000000000e+00,3.000000000000000000e+00
1.437567077868867784e+02,2.520786544728935894e+02,0.000000000000000000e+00,3.000000000000000000e+00
1.029524675037647938e+02,3.058043996255166235e+02,0.000000000000000000e+00,3.000000000000000000e+00
2.353941846579853063e+02,3.606496337524578735e+02,0.000000000000000000e+00,3.000000000000000000e+00
3.310010206998969124e+02,-3.717463934636519980e+02,0.000000000000000000e+00,3.000000000000000000e+00
1.334549204910947253e+02,-1.453676107615055741e+02,0.000000000000000000e+00,3.000000000000000000e+00
-1.928765230097070571e+02,8.961077518183601853e+01,0.000000000000000000e+00,3.000000000000000000e+00
2.815625460817204839e+02,-3.790783480006495552e+02,0.000000000000000000e+00,3.000000000000000000e+00
1.282974551903745351e+02,-3.507831978535801909e+02,0.000000000000000000e+00,3.000000000000000000e+00
8.232960897556207414e+00,3.364539614425120249e+02,0.000000000000000000e+00,3.000000000000000000e+00
3.834245872793645162e+02,1.503626187316963865e+02,0.000000000000000000e+00,3.000000000000000000e+00
2.699798069064474362e+02,1.075040848583128223e+02,0.000000000000000000e+00,3.000000000000000000e+00
-3.158220111106311947e+02,-1.086736600765296714e+02,0.000000000000000000e+00,3.000000000000000000e+00
-2.233870661935539914e+01,-2.950122440553470256e+02,0.000000000000000000e+00,3.000000000000000000e+00
3.436662355008417649e+02,-3.004702096687784660e+02,0.000000000000000000e+00,3.000000000000000000e+00
3.757066591067115269e+02,1.031918331650703493e+02,0.000000000000000000e+00,3.000000000000000000e+00
1.405960551880796459e+02,-3.489072686469934865e+02,0.000000000000000000e+00,3.000000000000000000e+00
-3.793653413527114822e+02,2.512418782431328452e+02,0.000000000000000000e+00,3.000000000000000000e+00
7.254355441497159518e+01,-2.682425445898867906e+02,0.000000000000000000e+00,3.000000000000000000e+00
-2.131391266233126487e+02,2.984219908235131697e+02,0.000000000000000000e+00,3.000000000000000000e+00
-2.856519731592721882e+02,-3.193413335888668030e+02,0.000000000000000000e+00,3.000000000000000000e+00
-2.132929358215871503e+02,-1.840954422079139192e+02,0.000000000000000000e+00,3.000000000000000000e+00
3.713887423300282649e+02,4.317296188384190003e+01,0.000000000000000000e+00,3.000000000000000000e+00
2.001943001698798241e+02,7.470706067594110777e+01,0.000000000000000000e+00,3.000000000000000000e+00
-2.888103510933405573e+02,-1.068567371183153369e+01,0.000000000000000000e+00,3.000000000000000000e+00
5.692156295877155259e+01,3.000192423309697460e+02,0.000000000000000000e+00,3.000000000000000000e+00
1.296391656263593006e+02,1.870122831151718970e+02,0.000000000000000000e+00,3.000000000000000000e+00
3.478237323022415239e+02,8.700292505880047145e+01,0.000000000000000000e+00,3.000000000000000000e+00
3.675719112900385994e+02,2.271641722748520067e+02,0.000000000000000000e+00,3.000000000000000000e+00
-2.090445705942944414e+02,5.129078340968354155e+01,0.000000000000000000e+00,3.000000000000000000e+00
-9.870381138165798518e+01,2.716414958456654176e+02,0.000000000000000000e+00,3.000000000000000000e+00
-9.970223414437970177e+01,-1.535208213441041494e+02,0.000000000000000000e+00,3.000000000000000000e+00
3.336382534455608493e+02,-2.138982358057557462e+02,0.000000000000000000e+00,3.000000000000000000e+00
1.935973005050882421e+02,-2.670255168015441427e+02,0.000000000000000000e+00,3.000000000000000000e+00
-3.576333333886916535e+02,3.155739115569996898e+02,0.000000000000000000e+00,3.000000000000000000e+00
4.142038595080022390e+01,-1.947485136924310041e+02,0.000000000000000000e+00,3.000000000000000000e+00
-2.643847321351425421e+02,8.043993815334013675e+01,0.000000000000000000e+00,3.000000000000000000e+00
-5.359967284608671179e+01,-2.487776431064376936e+02,0.000000000000000000e+00,3.000000000000000000e+00
-3.905381912907039919e+02,2.850790484657717343e+02,0.000000000000000000e+00,3.000000000000000000e+00
3.208510456944394491e+02,-2.411538908854553398e+01,0.000000000000000000e+00,3.000000000000000000e+00
2.355652438927060643e+02,-2.218241307405964164e+02,0.000000000000000000e+00,3.000000000000000000e+00
6.129750418298658587e+01,1.374525955561645958e+02,0.000000000000000000e+00,3.000000000000000000e+00
6.401828031004600916e+01,-2.594630288468848676e+02,0.000000000000000000e+00,3.000000000000000000e+00
-1.335011435838840725e+02,-5.810700262021173046e+01,0.000000000000000000e+00,3.000000000000000000e+00
-1.976517494111632800e+02,-1.316189459431897433e+02,0.000000000000000000e+00,3.000000000000000000e+00
-2.997837292105866709e+02,1.889016216158977954e+02,0.000000000000000000e+00,3.000000000000000000e+00
1.903462229831115735e+02,-1.188285615716114592e+02,0.000000000000000000e+00,3.000000000000000000e+00
2.411733586916107299e+02,1.824205430291078471e+02,0.000000000000000000e+00,3.000000000000000000e+00
1.483270743691824975e+02,-2.454802597266004511e+02,0.000000000000000000e+00,3.000000000000000000e+00
-3.964308007285894746e+02,7.893802397626390643e+01,0.000000000000000000e+00,3.000000000000000000e+00
3.799251299732255802e+02,3.702887250331829705e+02,0.000000000000000000e+00,3.000000000000000000e+00
1.028634253152796703e+02,-2.690517580873208203e+02,0.000000000000000000e+00,3.000000000000000000e+00
1.088113691939370966e+02,1.655545386039262326e+02,0.000000000000000000e+00,3.000000000000000000e+00
-1.763458687053417577e+02,1.379099885975080610e+02,0.000000000000000000e+00,3.000000000000000000e+00
2.322293026355195025e+02,2.233842084212121506e+02,0.000000000000000000e+00,3.000000000000000000e+00
1.407694388753232886e+02,-1.358184903625527795e+02,0.000000000000000000e+00,3.000000000000000000e+00
2.226862231779743979e+02,3.018865442423818877e+02,0.000000000000000000e+00,3.000000000000000000e+00
3.375849501176438139e+02,1.901715816605078544e+02,0.000000000000000000e+00,3.000000000000000000e+00
1.938168680642353650e+02,-1.880196378120030261e+02,0.000000000000000000e+00,3.000000000000000000e+00
2.863543341349785010e+02,-2.758421592497472261e+02,0.000000000000000000e+00,3.000000000000000000e+00
-9.828430163066634861e+01,-1.249347050424979955e+02,0.000000000000000000e+00,3.000000000000000000e+00
-3.049594632270953412e+02,3.985657767797214319e+02,0.000000000000000000e+00,3.000000000000000000e+00
-3.063496619119534330e+02,1.326261324273493472e+02,0.000000000000000000e+00,3.000000000000000000e+00
-3.198764037822345472e+02,3.399541527506277703e+02,0.000000000000000000e+00,3.000000000000000000e+00
-7.895011724860725622e+01,-2.416104912968232270e+02,0.000000000000000000e+00,3.000000000000000000e+00
2.347035531077751216e+02,-1.455769174191926254e+02,0.000000000000000000e+00,3.000000000000000000e+00
3.713436032710094423e+02,-1.334652743770372574e+01,0.000000000000000000e+00,3.000000000000000000e+00
2.048700830621079660e+02,1.188694044341080058e+02,0.000000000000000000e+00,3.000000000000000000e+00
2.364240630916023633e+02,-7.732451028524471326e+01,0.000000000000000000e+00,3.000000000000000000e+00
3.482971888140073133e+02,-3.240319246547138619e+02,0.000000000000000000e+00,3.000000000000000000e+00
-1.907280585567224023e+02,2.062792507019917707e+02,0.000000000000000000e+00,3.000000000000000000e+00
2.933684660022290700e+02,1.155984060627972525e+02,0.000000000000000000e+00,3.000000000000000000e+00
2.819160210991469171e+02,-3.838727450747933290e+02,0.000000000000000000e+00,3.000000000000000000e+00
-3.616670461333851563e+02,-1.166839550400586845e+01,0.000000000000000000e+00,3.000000000000000000e+00
3.578220455732335381e+02,9.785428732132382379e+01,0.000000000000000000e+00,3.000000000000000000e+00
-1.287901438365100830e+02,-3.026061038984905167e+02,0.000000000000000000e+00,3.000000000000000000e+00
-3.703265885923011638e+02,-3.919287372064133592e+02,0.000000000000000000e+00,3.000000000000000000e+00
-1.832130717914890567e+02,4.589585568638270274e+01,0.000000000000000000e+00,3.000000000000000000e+00
-3.409711952050687387e+02,-3.724833280012492764e+02,0.000000000000000000e+00,3.000000000000000000e+00
-2.277482112488340817e+02,2.993617882320793910e+02,0.000000000000000000e+00,3.000000000000000000e+00
-1.494066162920497334e+02,-4.786353889766914449e+00,0.000000000000000000e+00,3.000000000000000000e+00
-7.596346966425993230e+01,2.462080403641273563e+01,0.000000000000000000e+00,3.000000000000000000e+00
-2.534627055132685314e+01,-1.188907100169562341e+02,0.000000000000000000e+00,3.000000000000000000e+00
3.139511699335943717e+02,3.087945420669148575e+02,0.000000000000000000e+00,3.000000000000000000e+00
1.834413234096430187e+02,1.458005633777869434e+02,0.000000000000000000e+00,3.000000000000000000e+00
-2.966115597840504279e+02,-9.104346828302305994e+01,0.000000000000000000e+00,3.000000000000000000e+00
-7.897878468101895066e+01,2.110092869051249806e+02,0.000000000000000000e+00,3.000000000000000000e+00
-2.550564399934604580e+02,-3.388346495081261764e+02,0.000000000000000000e+00,3.000000000000000000e+00
2.651151315011191514e+02,3.895279086230600569e+02,0.000000000000000000e+00,3.000000000000000000e+00
-3.271264389458807642e+01,-3.310049857112998097e+02,0.000000000000000000e+00,3.000000000000000000e+00
5.044408605098591636e+01,-1.972021702256343190e+02,0.000000000000000000e+00,3.000000000000000000e+00
4.809790242041622577e+01,-2.980764246105368898e+02,0.000000000000000000e+00,3.000000000000000000e+00
2.931511681768452036e+02,1.422188332618585775e+02,0.000000000000000000e+00,3.000000000000000000e+00
-1.527267054872836525e+02,-2.319880460112147773e+02,0.000000000000000000e+00,3.000000000000000000e+00
5.150321748354733842e+01,3.613642901157123788e+01,0.000000000000000000e+00,3.000000000000000000e+00
-1.523678454265364337e+02,-3.169258204536427570e+02,0.000000000000000000e+00,3.000000000000000000e+00
-1.775423924628531438e+02,-3.455824230750001789e+02,0.000000000000000000e+00,3.000000000000000000e+00
3.881976803368996229e+02,3.980911601291685997e+01,0.000000000000000000e+00,3.000000000000000000e+00
3.334600761492883407e+02,-2.527560495157484581e+02,0.000000000000000000e+00,4.000000000000000000e+00
8.427638183777874659e+00,2.855949053631370589e+02,0.000000000000000000e+00,4.000000000000000000e+00
2.070970221503582707e+02,8.422720213870582029e+01,0.000000000000000000e+00,4.000000000000000000e+00
2.522337170090699203e+02,3.007340055206532838e+02,0.000000000000000000e+00,4.000000000000000000e+00
-4.992913989381162310e+01,1.272665342134765325e+02,0.000000000000000000e+00,4.000000000000000000e+00
1.891202307327728249e+01,-2.775200638937407120e+02,0.000000000000000000e+00,4.000000000000000000e+00
-3.679436956032408830e+02,2.693738568991190050e+02,0.000000000000000000e+00,4.000000000000000000e+00
-2.484363472252090901e+02,3.725880156783024404e+02,0.000000000000000000e+00,4.000000000000000000e+00
1.991141698098018367e+02,2.452067279632748580e+02,0.000000000000000000e+00,4.000000000000000000e+00
-2.642408177898089434e+02,-1.172404298849061277e+00,0.000000000000000000e+00,4.000000000000000000e+00
2.310576986198888960e+01,-3.080239338182840356e+02,0.000000000000000000e+00,4.000000000000000000e+00
1.223956583787675783e+02,3.083606758825590077e+02,0.000000000000000000e+00,4.000000000000000000e+00
-3.653936245515243542e+00,3.989235502122107278e+02,0.000000000000000000e+00,4.000000000000000000e+00
3.324570832709766250e+02,-5.179879351646654584e-01,0.000000000000000000e+00,4.000000000000000000e+00
2.868281461355354622e+02,-1.552753772785371780e+02,0.000000000000000000e+00,4.000000000000000000e+00
-3.491894995367385945e+02,1.701967891833913171e+01,0.000000000000000000e+00,4.000000000000000000e+00
9.769422502664335184e+01,1.345810694651041217e+02,0.000000000000000000e+00,4.000000000000000000e+00
-2.775680844566945211e+02,2.036818259072045976e+02,0.000000000000000000e+00,4.000000000000000000e+00
-1.343992607995954245e+02,1.750642074054491388e+02,0.000000000000000000e+00,4.000000000000000000e+00
5.930884549992497057e+01,8.681700523008268533e+01,0.000000000000000000e+00,4.000000000000000000e+00
-2.265081428378229589e+02,-3.871244205494881641e+01,0.000000000000000000e+00,4.000000000000000000e+00
2.373710474000836825e+02,-3.567953218270346838e+02,0.000000000000000000e+00,4.000000000000000000e+00
-1.162144661932823766e+02,-6.863624216459439253e+01,0.000000000000000000e+00,4.000000000000000000e+00
-6.691267769523179254e+00,3.310061813133781925e+02,0.000000000000000000e+00,4.000000000000000000e+00
-3.662899204456786606e+02,-2.488998083358509916e+02,0.000000000000000000e+00,4.000000000000000000e+00
-2.675482141434459891e+02,-2.966794860569731327e+02,0.000000000000000000e+00,4.000000000000000000e+00
7.845397904334210182e+01,1.724899539385260638e+01,0.000000000000000000e+00,4.000000000000000000e+00
2.658801978142356575e+02,-1.316743497913061276e+02,0.000000000000000000e+00,4.000000000000000000e+00
-1.378006140126646812e+02,-4.279438567434779372e+01,0.000000000000000000e+00,4.000000000000000000e+00
-1.070053466406677813e+02,9.966939910106785305e+01,0.000000000000000000e+00,4.000000000000000000e+00
2.581209888962118271e+02,-3.265671561750880869e+02,0.000000000000000000e+00,4.000000000000000000e+00
-1.143572880070739615e+02,-3.074909950589337768e+02,0.000000000000000000e+00,4.000000000000000000e+00
3.750875087971195967e+02,2.157074843025407915e+02,0.000000000000000000e+00,4.000000000000000000e+00
-2.840577368373339482e+02,-1.162508984765596978e+02,0.000000000000000000e+00,4.000000000000000000e+00
-2.382854455428775609e+01,-1.859255170079867625e+01,0.000000000000000000e+00,4.000000000000000000e+00
-3.805315581535011233e+02,-2.825575326479091700e+02,0.000000000000000000e+00,4.000000000000000000e+00
-9.676350050323958385e+01,3.597653523944782705e+02,0.000000000000000000e+00,4.000000000000000000e+00
1.635631371142455066e+02,2.241481886881171590e+02,0.000000000000000000e+00,4.000000000000000000e+00
-1.517432613944756383e+02,2.637115164365084752e+02,0.000000000000000000e+00,4.000000000000000000e+00
-1.119760130699107350e+02,1.140701214593766721e+01,0.000000000000000000e+00,4.000000000000000000e+00
-2.917951071182104101e+02,2.083783178475609361e+02,0.000000000000000000e+00,4.000000000000000000e+00
1.235002672637567969e+02,3.642367683802518741e+01,0.000000000000000000e+00,4.000000000000000000e+00
3.008483293579339488e+02,-4.874648660192906391e+01,0.000000000000000000e+00,4.000000000000000000e+00
-3.175991241166678378e+02,1.285051381873966534e+02,0.000000000000000000e+00,4.000000000000000000e+00
-1.284942415887762479e+02,3.469473736694941977e+02,0.000000000000000000e+00,4.000000000000000000e+00
-1.818876031906827677e+02,-1.810474876991786459e+02,0.000000000000000000e+00,4.000000000000000000e+00
-3.892859987067551941e+01,-7.350679197641566986e+01,0.000000000000000000e+00,4.000000000000000000e+00
-1.390286481384701567e+01,-3.163689582896953993e+02,0.000000000000000000e+00,4.000000000000000000e+00
-1.109487084655506237e+02,2.933309518352775171e+02,0.000000000000000000e+00,4.000000000000000000e+00
3.977513914852131194e+01,-7.045941059168066545e+01,0.000000000000000000e+00,4.000000000000000000e+00
3.024319482797992578e+02,-3.069673990124161378e+02,0.000000000000000000e+00,4.000000000000000000e+00
-1.430889153868153407e+01,-3.105000230619669424e+02,0.000000000000000000e+00,4.000000000000000000e+00
-3.095682753707875889e+01,3.567839806419996762e+02,0.000000000000000000e+00,4.000000000000000000e+00
-1.584715974405410677e+01,-2.111619415112317597e+02,0.000000000000000000e+00,4.000000000000000000e+00
-3.162114450441144697e+01,7.890329493891718471e+01,0.000000000000000000e+00,4.000000000000000000e+00
-2.989719081489203631e+02,3.739234695399425163e+02,0.000000000000000000e+00,4.000000000000000000e+00
2.995872652757886385e+02,-2.779761841402892060e+02,0.000000000000000000e+00,4.000000000000000000e+00
-2.114693288953028514e+02,-1.042904724446851503e+02,0.000000000000000000e+00,4.000000000000000000e+00
4.511618112930611346e+01,-6.884176093284550291e+01,0.000000000000000000e+00,4.000000000000000000e+00
-1.042141925747205136e+02,-2.297888435440555668e+02,0.000000000000000000e+00,4.000000000000000000e+00
-3.550987718105121189e+02,5.575899464360061586e+01,0.000000000000000000e+00,4.000000000000000000e+00
-3.429604292007365984e+02,3.354180829077167800e+02,0.000000000000000000e+00,4.000000000000000000e+00
2.893150711214143485e+02,1.407559237676677526e+02,0.000000000000000000e+00,4.000000000000000000e+00
8.654018329211497473e+01,3.386626829672624694e+02,0.000000000000000000e+00,4.000000000000000000e+00
-2.846154445804563125e+02,-3.525251371297813989e+02,0.000000000000000000e+00,4.000000000000000000e+00
2.118881853156802606e+02,-3.178022340885400254e+01,0.000000000000000000e+00,4.000000000000000000e+00
1.210482054919379067e+02,7.326693495891802854e+01,0.000000000000000000e+00,4.000000000000000000e+00
2.476561980558125242e+02,-1.345695621602390020e+02,0.000000000000000000e+00,4.000000000000000000e+00
-2.912787638187364223e+02,-8.390597675540436740e+01,0.000000000000000000e+00,4.000000000000000000e+00
-3.043553660305469748e+02,5.024457863353939047e+01,0.000000000000000000e+00,4.000000000000000000e+00
1.117875617989056991e+02,2.403225475839796843e+02,0.000000000000000000e+00,4.000000000000000000e+00
2.542130076395734406e+01,-4.559311167063047066e+01,0.000000000000000000e+00,4.000000000000000000e+00
3.469099939264390855e+02,-2.120714769368238990e+02,0.000000000000000000e+00,4.000000000000000000e+00
-3.669035351689711177e+01,2.878347245355085988e+02,0.000000000000000000e+00,4.000000000000000000e+00
-3.768460767194001733e+02,-2.496525380658018491e+02,0.000000000000000000e+00,4.000000000000000000e+00
3.971672814398692708e+02,2.421986478961517548e+02,0.000000000000000000e+00,4.000000000000000000e+00
-1.010788581445040819e+02,-1.179855635682610426e+02,0.000000000000000000e+00,4.000000000000000000e+00
-3.333779698747356406e+02,-1.188271383082366981e+02,0.000000000000000000e+00,4.000000000000000000e+00
-5.434159671160365690e+01,3.179811417291333555e+02,0.000000000000000000e+00,4.000000000000000000e+00
2.656377997900787591e+02,-1.779532084469431652e+02,0.000000000000000000e+00,4.000000000000000000e+00
1.531183537189535571e+02,3.141888736332994085e+02,0.000000000000000000e+00,4.000000000000000000e+00
-3.764770174517620944e+02,-2.331818854236404093e+02,0.000000000000000000e+00,4.000000000000000000e+00
3.386342661818425199e+02,-3.916904840243504395e+02,0.000000000000000000e+00,4.000000000000000000e+00
-1.277555005898801852e+02,3.719759738506932649e+02,0.000000000000000000e+00,4.000000000000000000e+00
2.998211611592682857e+02,-1.257464624971022147e+02,0.000000000000000000e+00,4.000000000000000000e+00
8.359172327930086510e+01,1.010500371161675588e+02,0.000000000000000000e+00,4.000000000000000000e+00
2.860808807567645218e+01,-1.033282054613426055e+02,0.000000000000000000e+00,4.000000000000000000e+00
-6.040297770146922574e+01,-2.016873268736585771e+02,0.000000000000000000e+00,4.000000000000000000e+00
-2.770623265273499669e+02,2.534542878072058159e+02,0.000000000000000000e+00,4.000000000000000000e+00
3.049184270597205568e+02,-2.722281363497306188e+02,0.000000000000000000e+00,4.000000000000000000e+00
-3.598321142593928812e+02,-1.669051935315837625e+02,0.000000000000000000e+00,4.000000000000000000e+00
2.681313625625796249e+02,3.598511496048807317e+02,0.000000000000000000e+00,4.000000000000000000e+00
-3.616619602915519636e+02,-2.478275741906913368e+02,0.000000000000000000e+00,4.000000000000000000e+00
4.438104156369586661e+01,8.695845604549079155e+01,0.000000000000000000e+00,4.000000000000000000e+00
2.179944533556739543e+02,-9.131308398978710272e+01,0.000000000000000000e+00,4.000000000000000000e+00
1.253760505965151282e+02,-3.075953265283909559e+02,0.000000000000000000e+00,4.000000000000000000e+00
3.989419379852174643e+02,-2.608665392955256834e+02,0.000000000000000000e+00,4.000000000000000000e+00
1.902044021689639663e+01,6.738649071647984101e+01,0.000000000000000000e+00,4.000000000000000000e+00
2.066669130934188559e+02,5.650439350713836006e+01,0.000000000000000000e+00,4.000000000000000000e+00
-3.487770869728441312e+02,1.933065297663587216e+02,0.000000000000000000e+00,4.000000000000000000e+00
-3.609957508849352052e+02,1.317226164758499465e+02,0.000000000000000000e+00,5.000000000000000000e+00
-7.977519410585767901e+01,-1.825540321505081067e+02,0.000000000000000000e+00,5.000000000000000000e+00
-5.550689508508224179e+01,-3.112026994274445997e+02,0.000000000000000000e+00,5.000000000000000000e+00
5.922325146494102910e+01,-1.665665526750888148e+01,0.000000000000000000e+00,5.000000000000000000e+00
2.250186941320196183e+02,-2.683777377052045949e+02,0.000000000000000000e+00,5.000000000000000000e+00
6.547442621925623030e+01,1.193068816834816914e+02,0.000000000000000000e+00,5.000000000000000000e+00
-1.063455276537787171e+02,-3.285221861499764486e+02,0.000000000000000000e+00,5.000000000000000000e+00
-1.845281541454006060e+02,2.248301185470500343e+02,0.000000000000000000e+00,5.000000000000000000e+00
-1.690360845344765721e+02,-2.002574857875342786e+02,0.000000000000000000e+00,5.000000000000000000e+00
9.084459093733437385e+01,1.116734310799761118e+02,0.000000000000000000e+00,5.000000000000000000e+00
-1.401165792250163022e+01,2.834127982339752521e+02,0.000000000000000000e+00,5.000000000000000000e+00
-1.733893056108743167e+02,-5.557526607144982478e+01,0.000000000000000000e+00,5.000000000000000000e+00
-1.743350630698516568e+02,3.254101075099838454e+02,0.000000000000000000e+00,5.000000000000000000e+00
-3.150571237685960568e+02,4.412709824289424887e+01,0.000000000000000000e+00,5.000000000000000000e+00
-3.759199657292611505e+02,-7.494366746185852435e+01,0.000000000000000000e+00,5.000000000000000000e+00
-1.786805651766647998e+02,3.184918905079925935e+02,0.000000000000000000e+00,5.000000000000000000e+00
3.678970415631309265e+02,1.098244366244674382e+02,0.000000000000000000e+00,5.000000000000000000e+00
-3.517134237606925922e+02,-3.481166794337638635e+02,0.000000000000000000e+00,5.000000000000000000e+00
-5.412357369245333416e+01,4.854946142414551247e+00,0.000000000000000000e+00,5.000000000000000000e+00
-3.176581266613708863e+02,-3.038762222685951997e+02,0.000000000000000000e+00,5.000000000000000000e+00
8.356993417216939690e+01,-3.473731856618298366e+02,0.000000000000000000e+00,5.000000000000000000e+00
1.023361359410575062e+02,-1.618488744900212453e+02,0.000000000000000000e+00,5.000000000000000000e+00
-1.740192218958441970e+02,1.023630666021512923e+02,0.000000000000000000e+00,5.000000000000000000e+00
-1.332444460589663606e+02,3.131052530174169988e+02,0.000000000000000000e+00,5.000000000000000000e+00
-7.470136109810670177e+01,-8.106845460021743577e+01,0.000000000000000000e+00,5.000000000000000000e+00
-1.428964017420704522e+02,6.821435192288016935e+01,0.000000000000000000e+00,5.000000000000000000e+00
-3.126612131138239761e+02,2.226514383711384255e+02,0.000000000000000000e+00,5.000000000000000000e+00
3.963194915972616172e+02,-2.305057424126031833e+02,0.000000000000000000e+00,5.000000000000000000e+00
-3.241105511348236519e+02,3.054011943112324730e+02,0.000000000000000000e+00,5.000000000000000000e+00
1.216085703214145184e+02,-4.240016047388328957e+01,0.000000000000000000e+00,5.000000000000000000e+00
-6.116520393121219001e+01,-2.855339208734177987e+02,0.000000000000000000e+00,5.000000000000000000e+00
3.646817938662671850e+02,2.545168607383690755e+02,0.000000000000000000e+00,5.000000000000000000e+00
-1.491640420097437243e+02,1.978133374034204621e+02,0.000000000000000000e+00,5.000000000000000000e+00
-3.504855670059350103e+01,-2.873812271244607359e+02,0.000000000000000000e+00,5.000000000000000000e+00
-2.841145729480070941e+02,1.312505451062173165e+02,0.000000000000000000e+00,5.000000000000000000e+00
1.198963682516489548e+01,1.122760152551478541e+02,0.000000000000000000e+00,5.000000000000000000e+00
5.050367424818578144e+01,-1.002120345498616558e+02,0.000000000000000000e+00,5.000000000000000000e+00
1.085387714035450699e+02,3.911869479072569220e+02,0.000000000000000000e+00,5.000000000000000000e+00
-2.792573088739773652e+02,-1.527963577643674284e+02,0.000000000000000000e+00,5.000000000000000000e+00
2.476106460139393448e+02,5.123919953758182544e+00,0.000000000000000000e+00,5.000000000000000000e+00
8.271153144669921176e+01,-2.367139847547920226e+02,0.000000000000000000e+00,5.000000000000000000e+00
-2.514459942171504281e+02,5.396593165219303501e+01,0.000000000000000000e+00,5.000000000000000000e+00
-7.544327482037643051e+01,2.265874426282476861e+01,0.000000000000000000e+00,5.000000000000000000e+00
-3.927962353553677417e+02,-1.855059869424980548e+02,0.000000000000000000e+00,5.000000000000000000e+00
-1.774504256003300497e+02,2.496018505853772353e+02,0.000000000000000000e+00,5.000000000000000000e+00
-3.347672146449423849e+02,-3.731058774200232051e+02,0.000000000000000000e+00,5.000000000000000000e+00
-2.970610193681824285e+02,-1.375620376914379328e+01,0.000000000000000000e+00,5.000000000000000000e+00
2.887634950102354310e+02,-1.233174095500025231e+02,0.000000000000000000e+00,5.000000000000000000e+00
-3.319637606990357312e+02,-1.612728159400593597e+01,0.000000000000000000e+00,5.000000000000000000e+00
-2.468166065343311288e+01,-3.413238669640682019e+02,0.000000000000000000e+00,5.000000000000000000e+00
3.814016805015680802e+02,-1.436190898843881314e+02,0.000000000000000000e+00,5.000000000000000000e+00
2.471054433669333150e+01,-2.480079307205991768e+02,0.000000000000000000e+00,5.000000000000000000e+00
-2.156453381045147069e+02,-3.050033384618071608e+01,0.000000000000000000e+00,5.000000000000000000e+00
1.896797584465447528e+02,-1.473609972984374963e+02,0.000000000000000000e+00,5.000000000000000000e+00
-3.348480847078192255e+02,3.663814433839152684e+02,0.000000000000000000e+00,5.000000000000000000e+00
3.287444997918225909e+02,-4.079178973160200172e+01,0.000000000000000000e+00,5.000000000000000000e+00
8.152778903932156140e+01,3.095205910626175339e+00,0.000000000000000000e+00,5.000000000000000000e+00
1.870489752815709039e+02,-1.275660671280235618e+02,0.000000000000000000e+00,5.000000000000000000e+00
3.105833687988085785e+02,-3.126236377284164405e+02,0.000000000000000000e+00,5.000000000000000000e+00
-9.658865698906863884e+01,3.881727358273447521e+02,0.000000000000000000e+00,5.000000000000000000e+00
-1.598625078419917713e+02,-2.190050599372804641e+02,0.000000000000000000e+00,5.000000000000000000e+00
1.845093199688311074e+02,-2.085409590573201797e+02,0.000000000000000000e+00,5.000000000000000000e+00
-2.169457390818687088e+02,1.478176557462893186e+02,0.000000000000000000e+00,5.000000000000000000e+00
2.962582376725145537e+02,-2.619064043951533449e+02,0.000000000000000000e+00,5.000000000000000000e+00
-2.643240887244124906e+02,-7.043920678937124080e+01,0.000000000000000000e+00,5.000000000000000000e+00
2.089615861645355466e+01,3.389405663007515273e+02,0.000000000000000000e+00,5.000000000000000000e+00
-2.041333541981549260e+00,-4.792657559526283251e+01,0.000000000000000000e+00,5.000000000000000000e+00
4.000081338015002075e+01,4.412932857507101403e-01,0.000000000000000000e+00,5.000000000000000000e+00
-3.353524159766578805e+01,-5.696235704129919242e+01,0.000000000000000000e+00,5.000000000000000000e+00
-1.598519678066919028e+02,2.597967833720933299e+02,0.000000000000000000e+00,5.000000000000000000e+00
-7.814557186462738514e+01,1.813412688350885560e+02,0.000000000000000000e+00,5.000000000000000000e+00
-5.072686723616683935e+01,-2.160048777676510952e+02,0.000000000000000000e+00,5.000000000000000000e+00
-1.066517737539923587e+02,-6.488205423530892801e+01,0.000000000000000000e+00,5.000000000000000000e+00
6.621023831002892379e+00,-1.515074820447798345e+02,0.000000000000000000e+00,5.000000000000000000e+00
1.759353181279753926e+02,1.352098553927348235e+02,0.000000000000000000e+00,5.000000000000000000e+00
-1.114796693114401478e+02,1.338722125382011541e+02,0.000000000000000000e+00,5.000000000000000000e+00
3.786440886613747239e+02,1.117453837860977330e+02,0.000000000000000000e+00,5.000000000000000000e+00
-1.688785436279953274e+02,1.117382780465143242e+02,0.000000000000000000e+00,5.000000000000000000e+00
3.874458087884493693e+02,2.076911609631293913e+02,0.000000000000000000e+00,5.000000000000000000e+00
1.403838563444495833e+02,1.204105348465362937e+02,0.000000000000000000e+00,5.000000000000000000e+00
2.735013697750140409e+02,-3.966176908094558371e+02,0.000000000000000000e+00,5.000000000000000000e+00
-2.069837568288811838e+02,2.715264219576338292e+02,0.000000000000000000e+00,5.000000000000000000e+00
3.030782702608727845e+02,-1.475179431763856996e+02,0.000000000000000000e+00,5.000000000000000000e+00
-1.857673047375424176e+02,5.428368725815446538e+01,0.000000000000000000e+00,5.000000000000000000e+00
-1.206096074734482215e+02,-9.718910364561006432e+00,0.000000000000000000e+00,5.000000000000000000e+00
3.362755419988359336e+02,2.031967218955266219e-01,0.000000000000000000e+00,5.000000000000000000e+00
-2.890327007160377661e+02,-1.850453961245169126e+02,0.000000000000000000e+00,5.000000000000000000e+00
-2.397649497642082110e+02,-2.257394497920750354e+01,0.000000000000000000e+00,5.000000000000000000e+00
1.256189134908421750e+02,-1.332404370884987657e+02,0.000000000000000000e+00,5.000000000000000000e+00
-2.177871051496098289e+02,-3.992945561020185323e+02,0.000000000000000000e+00,5.000000000000000000e+00
-1.558403015775007816e+02,2.875357803570984174e+02,0.000000000000000000e+00,5.000000000000000000e+00
7.489621920606043659e+01,-1.957147874554734415e+02,0.000000000000000000e+00,5.000000000000000000e+00
-1.473713656547292032e+02,1.250951923180496692e+02,0.000000000000000000e+00,5.000000000000000000e+00
1.502255272870653471e+02,1.648940412825336352e+02,0.000000000000000000e+00,5.000000000000000000e+00
3.078859607465583395e+02,2.510831387007077069e+02,0.000000000000000000e+00,5.000000000000000000e+00
1.158582278560147358e+02,2.221931889767157884e+02,0.000000000000000000e+00,5.000000000000000000e+00
1.557190271983322702e+02,-3.497686764234005068e+02,0.000000000000000000e+00,5.000000000000000000e+00
9.069726739778923275e+01,-1.696289929217195720e+02,0.000000000000000000e+00,5.000000000000000000e+00
-9.583929608410932133e+01,1.129006381433772077e+02,0.000000000000000000e+00,5.000000000000000000e+00
-2.490654733683543895e+02,-1.563547316565219489e+02,0.000000000000000000e+00,5.000000000000000000e+00
